# From the top of the ports tree run
#	git config svn.authorsfile .gitauthors
# and `git log` will show author fields that look like
#	Rodney Grimes <rgrimes@FreeBSD.org>
# instead of
#	user <user@aed309b6-a8cd-e111-996c-001c23d10e55>.
#
# Warning: If a commit is made by an author who is not included in this
# file, `git svn dcommit` will fail until the author has been added.
#
# This file is append-only.  Anyone who has ever committed or has commit
# access to any of the repositories should be included.  The only exception
# when users could be removed is if they no longer have an account and
# never committed.

0mp = Mateusz Piotrowski <0mp@FreeBSD.org>
aaron = Aaron Dalton <aaron@FreeBSD.org>
abial = Andrzej Bialecki <abial@FreeBSD.org>
ache = Andrey A. Chernov <ache@FreeBSD.org>
achim = Achim Leubner <achim@FreeBSD.org>
acm = Jose Alonso Cardenas Marquez <acm@FreeBSD.org>
adam = Adam David <adam@FreeBSD.org>
adamw = Adam Weinberger <adamw@FreeBSD.org>
ade = Ade Lovett <ade@FreeBSD.org>
adrian = Adrian Chadd <adrian@FreeBSD.org>
adridg = Adriaan de Groot <adridg@FreeBSD.org>
ae = Andrey V. Elsukov <ae@FreeBSD.org>
ahasty = Amancio Hasty <ahasty@FreeBSD.org>
ahze = Michael Johnson <ahze@FreeBSD.org>
ak = Alex Kozlov <ak@FreeBSD.org>
akiyama = Shunsuke Akiyama <akiyama@FreeBSD.org>
alane = Alan Eldridge <alane@FreeBSD.org>
alc = Alan Cox <alc@FreeBSD.org>
ale = Alex Dupre <ale@FreeBSD.org>
alepulver = Alejandro Pulver <alepulver@FreeBSD.org>
alex = Alexander Langer <alex@FreeBSD.org>
alexbl = Alexander Botero-Lowry <alexbl@FreeBSD.org>
alexey = Alexey Degtyarev <alexey@FreeBSD.org>
alfred = Alfred Perlstein <alfred@FreeBSD.org>
alfredo = Alfredo Dal'Ava Junior <alfredo@FreeBSD.org>
allanjude = Allan Jude <allanjude@FreeBSD.org>
alm = Andrew Moore <alm@FreeBSD.org>
alonso = Alonso Schaich <alonso@FreeBSD.org>
ambrisko = Doug Ambrisko <ambrisko@FreeBSD.org>
amdmi3 = Dmitry Marakasov <amdmi3@FreeBSD.org>
amorita = Akio Morita <amorita@FreeBSD.org>
amurai = Atsushi Murai <amurai@FreeBSD.org>
anchie = Ana Kukec <anchie@FreeBSD.org>
anders = Anders Nordby <anders@FreeBSD.org>
andre = Andre Oppermann <andre@FreeBSD.org>
andreas = Andreas Klemm <andreas@FreeBSD.org>
andreast = Andreas Tobler <andreast@FreeBSD.org>
andrew = Andrew Turner <andrew@FreeBSD.org>
andy = Andrey Zakhvatov <andy@FreeBSD.org>
anholt = Eric Anholt <anholt@FreeBSD.org>
anish = Anish Gupta <anish@FreeBSD.org>
anne = Anne Dickison <anne@FreeBSD.org>
anray = Andrey Slusar <anray@FreeBSD.org>
antoine = Antoine Brodin <antoine@FreeBSD.org>
araujo = Marcelo Araujo <araujo@FreeBSD.org>
archie = Archie Cobbs <archie@FreeBSD.org>
arichardson = Alex Richardson <arichardson@FreeBSD.org>
ariff = Ariff Abdullah <ariff@FreeBSD.org>
arr = Andrew R. Reiter <arr@FreeBSD.org>
arrowd = Gleb Popov <arrowd@FreeBSD.org>
art = Artem Belevich <art@FreeBSD.org>
arun = Arun Sharma <arun@FreeBSD.org>
arved = Tilman Keskinoz <arved@FreeBSD.org>
arybchik = Andrew Rybchenko <arybchik@FreeBSD.org>
asami = Satoshi Asami <asami@FreeBSD.org>
ashish = Ashish SHUKLA <ashish@FreeBSD.org>
asmodai = Jeroen Ruigrok van der Werven <asmodai@FreeBSD.org>
asomers = Alan Somers <asomers@FreeBSD.org>
assar = Assar Westerlund <assar@FreeBSD.org>
ats = Andreas Schulz <ats@FreeBSD.org>
attilio = Attilio Rao <attilio@FreeBSD.org>
avatar = Tai-hwa Liang <avatar@FreeBSD.org>
avg = Andriy Gapon <avg@FreeBSD.org>
avilla = Alberto Villa <avilla@FreeBSD.org>
avl = Alexander Logvinov <avl@FreeBSD.org>
avos = Andriy Voskoboinyk <avos@FreeBSD.org>
az = Andrej Zverev <az@FreeBSD.org>
babkin = Sergey Babkin <babkin@FreeBSD.org>
badger = Eric Badger <badger@FreeBSD.org>
bakul = Bakul Shah <bakul@FreeBSD.org>
bapt = Baptiste Daroussin <bapt@FreeBSD.org>
bar = Barbara Guida <bar@FreeBSD.org>
barner = Simon Barner <barner@FreeBSD.org>
bbraun = Rob Braun <bbraun@FreeBSD.org>
bcr = Benedict Reuschling <bcr@FreeBSD.org>
bcran = Rebecca Cran <bcran@FreeBSD.org>
bde = Bruce Evans <bde@FreeBSD.org>
bdragon = Brandon Bergren <bdragon@FreeBSD.org>
bdrewery = Bryan Drewery <bdrewery@FreeBSD.org>
bean = Rebecca Visger <bean@FreeBSD.org>
beat = Beat Gaetzi <beat@FreeBSD.org>
beech = Beech Rintoul <beech@FreeBSD.org>
ben = Ben Smithurst <ben@FreeBSD.org>
benjsc = Benjamin Close <benjsc@FreeBSD.org>
benl = Ben Laurie <benl@FreeBSD.org>
benno = Benno Rice <benno@FreeBSD.org>
bf = Brendan Fabeny <bf@FreeBSD.org>
bgray = Ben Gray <bgray@FreeBSD.org>
bhd = Bjoern Heidotting <bhd@FreeBSD.org>
bhughes = Bradley T. Hughes <bhughes@FreeBSD.org>
billf = Bill Fumerola <billf@FreeBSD.org>
bjk = Benjamin Kaduk <bjk@FreeBSD.org>
blackend = Marc Fonvieille <blackend@FreeBSD.org>
bland = Alexander Nedotsukov <bland@FreeBSD.org>
bmah = Bruce A. Mah <bmah@FreeBSD.org>
bmilekic = Bosko Milekic <bmilekic@FreeBSD.org>
bms = Bruce M Simpson <bms@FreeBSD.org>
bofh = Muhammad Moinur Rahman <bofh@FreeBSD.org>
bp = Boris Popov <bp@FreeBSD.org>
br = Ruslan Bukin <br@FreeBSD.org>
brandon = Brandon Gillespie <brandon@FreeBSD.org>
brd = Brad Davis <brd@FreeBSD.org>
brian = Brian Somers <brian@FreeBSD.org>
brix = Henrik Brix Andersen <brix@FreeBSD.org>
brnrd = Bernard Spil <brnrd@FreeBSD.org>
brooks = Brooks Davis <brooks@FreeBSD.org>
brucec = Bruce Cran <brucec@FreeBSD.org>
brueffer = Christian Brueffer <brueffer@FreeBSD.org>
bruno = Bruno Ducrot <bruno@FreeBSD.org>
bryanv = Bryan Venteicher <bryanv@FreeBSD.org>
bsam = Boris Samorodov <bsam@FreeBSD.org>
bschmidt = Bernhard Schmidt <bschmidt@FreeBSD.org>
bsd = Brian S. Dean <bsd@FreeBSD.org>
bushman = Michael Bushkov <bushman@FreeBSD.org>
bvs = Vitaly Bogdanov <bvs@FreeBSD.org>
bwidawsk = Ben Widawsky <bwidawsk@FreeBSD.org>
bz = Bjoern A. Zeeb <bz@FreeBSD.org>
carl = Carl Delsey <carl@FreeBSD.org>
carlavilla = Sergio Carlavilla Delgado <carlavilla@FreeBSD.org>
carvay = J. Vicente Carrasco <carvay@FreeBSD.org>
cel = Chuck Lever <cel@FreeBSD.org>
cem = Conrad Meyer <cem@FreeBSD.org>
ceri = Ceri Davies <ceri@FreeBSD.org>
cg = Cameron Grant <cg@FreeBSD.org>
charnier = Philippe Charnier <charnier@FreeBSD.org>
chern = Chern Lee <chern@FreeBSD.org>
cherry = Cherry G. Mathew <cherry@FreeBSD.org>
chinsan = Chin-San Huang <chinsan@FreeBSD.org>
chm = Christoph Herrmann <chm@FreeBSD.org>
chmr = Christoph Robitschko <chmr@FreeBSD.org>
chris = Chris Costello <chris@FreeBSD.org>
chs = Chuck Silvers <chs@FreeBSD.org>
chuck = Chuck Tuffli <chuck@FreeBSD.org>
chuckr = Chuck Robey <chuckr@FreeBSD.org>
cjc = Crist J. Clark <cjc@FreeBSD.org>
cjh = CHOI Junho <cjh@FreeBSD.org>
clement = Clement Laforet <clement@FreeBSD.org>
clive = Clive Lin <clive@FreeBSD.org>
clsung = Cheng-Lung Sung <clsung@FreeBSD.org>
cmt = Christoph Moench-Tegeder <cmt@FreeBSD.org>
cognet = Olivier Houchard <cognet@FreeBSD.org>
cokane = Coleman Kane <cokane@FreeBSD.org>
conklin = Brian E. Conklin <conklin@FreeBSD.org>
cp = Chuck Paterson <cp@FreeBSD.org>
cperciva = Colin Percival <cperciva@FreeBSD.org>
cpiazza = Chris Piazza <cpiazza@FreeBSD.org>
cpm = Carlos J. Puga Medina <cpm@FreeBSD.org>
cracauer = Martin Cracauer <cracauer@FreeBSD.org>
crees = Chris Rees <crees@FreeBSD.org>
cs = Carlo Strub <cs@FreeBSD.org>
csgr = Geoff Rehmet <csgr@FreeBSD.org>
csjp = Christian S.J. Peron <csjp@FreeBSD.org>
culot = Frederic Culot <culot@FreeBSD.org>
cvs2svn = cvs2svn <cvs2svn@FreeBSD.org>
cwt = Chris Timmons <cwt@FreeBSD.org>
cy = Cy Schubert <cy@FreeBSD.org>
dab = David Bright <dab@FreeBSD.org>
daichi = Daichi GOTO <daichi@FreeBSD.org>
damien = Damien Bergamini <damien@FreeBSD.org>
dan = Dan Moschuk <dan@FreeBSD.org>
danfe = Alexey Dokuchaev <danfe@FreeBSD.org>
danger = Daniel Gerzo <danger@FreeBSD.org>
danilo = Danilo Egea Gondolfo <danilo@FreeBSD.org>
danny = Daniel O'Callaghan <danny@FreeBSD.org>
dannyboy = Daniel Harris <dannyboy@FreeBSD.org>
darrenr = Darren Reed <darrenr@FreeBSD.org>
das = David Schultz <das@FreeBSD.org>
davidc = Chad David <davidc@FreeBSD.org>
davidch = David Christensen <davidch@FreeBSD.org>
davidcs = David C Somayajulu <davidcs@FreeBSD.org>
davide = Davide Italiano <davide@FreeBSD.org>
davidg = David Greenman <davidg@FreeBSD.org>
davidn = David Nugent <davidn@FreeBSD.org>
davidxu = David Xu <davidxu@FreeBSD.org>
db = Diane Bruce <db@FreeBSD.org>
dbaio = Danilo G. Baio <dbaio@FreeBSD.org>
dbaker = Daniel Baker <dbaker@FreeBSD.org>
dbn = David Naylor <dbn@FreeBSD.org>
dburr = Donald Burr <dburr@FreeBSD.org>
dch = Dave Cottlehuber <dch@FreeBSD.org>
dchagin = Dmitry Chagin <dchagin@FreeBSD.org>
dcs = Daniel C. Sobral <dcs@FreeBSD.org>
dd = Dima Dorfman <dd@FreeBSD.org>
dds = Diomidis Spinellis <dds@FreeBSD.org>
dec = David E. Cross <dec@FreeBSD.org>
decke = Bernhard Froehlich <decke@FreeBSD.org>
def = Konrad Witaszczyk <def@FreeBSD.org>
deischen = Daniel Eischen <deischen@FreeBSD.org>
delphij = Xin LI <delphij@FreeBSD.org>
demon = Dmitry Sivachenko <demon@FreeBSD.org>
den = Denis Peplin <den@FreeBSD.org>
des = Dag-Erling Smørgrav <des@FreeBSD.org>
dexter = Michael Dexter <dexter@FreeBSD.org>
dexuan = Dexuan Cui <dexuan@FreeBSD.org>
dfr = Doug Rabson <dfr@FreeBSD.org>
dg = David Greenman <dg@FreeBSD.org>
dhartmei = Daniel Hartmeier <dhartmei@FreeBSD.org>
dhn = Dennis Herrmann <dhn@FreeBSD.org>
dick = Richard Seaman Jr. <dick@FreeBSD.org>
dillon = Matthew Dillon <dillon@FreeBSD.org>
dim = Dimitry Andric <dim@FreeBSD.org>
dima = Dima Ruban <dima@FreeBSD.org>
dinoex = Dirk Meyer <dinoex@FreeBSD.org>
dirk = Dirk Froemberg <dirk@FreeBSD.org>
dmarion = Damjan Marion <dmarion@FreeBSD.org>
dmgk = Dmitri Goutnik <dmgk@FreeBSD.org>
dmlb = Duncan Barclay <dmlb@FreeBSD.org>
doceng = Doc Manager <doceng@FreeBSD.org>
dougb = Doug Barton <dougb@FreeBSD.org>
dougm = Doug Moore <dougm@FreeBSD.org>
dru = Dru Lavigne <dru@FreeBSD.org>
dryice = Dryice Dong Liu <dryice@FreeBSD.org>
dt = Dmitrij Tejblum <dt@FreeBSD.org>
dteske = Devin Teske <dteske@FreeBSD.org>
dufault = Peter Dufault <dufault@FreeBSD.org>
dumbbell = Jean-Sébastien Pédron <dumbbell@FreeBSD.org>
dvl = Dan Langille <dvl@FreeBSD.org>
dwcjr = David W. Chapman Jr. <dwcjr@FreeBSD.org>
dwhite = Doug White <dwhite@FreeBSD.org>
dwmalone = David Malone <dwmalone@FreeBSD.org>
dyson = John Dyson <dyson@FreeBSD.org>
eadler = Eitan Adler <eadler@FreeBSD.org>
ebrandi = Edson Brandi <ebrandi@FreeBSD.org>
ed = Ed Schouten <ed@FreeBSD.org>
edavis = Eric Davis <edavis@FreeBSD.org>
edwin = Edwin Groothuis <edwin@FreeBSD.org>
egypcio = Vinícius Zavam <egypcio@FreeBSD.org>
ehaupt = Emanuel Haupt <ehaupt@FreeBSD.org>
eik = Oliver Eikemeier <eik@FreeBSD.org>
eivind = Eivind Eklund <eivind@FreeBSD.org>
ejc = Eric J.Chet <ejc@FreeBSD.org>
emaste = Ed Maste <emaste@FreeBSD.org>
emax = Maksim Yevmenkin <emax@FreeBSD.org>
emoore = Eric Moore <emoore@FreeBSD.org>
eri = Ermal Luçi <eri@FreeBSD.org>
eric = Eric Melville <eric@FreeBSD.org>
ericbsd = Eric Turgeon <ericbsd@FreeBSD.org>
erich = Eric L. Hernes <erich@FreeBSD.org>
erik = Erik Cederstrand <erik@FreeBSD.org>
erj = Eric Joyner <erj@FreeBSD.org>
erwin = Erwin Lansing <erwin@FreeBSD.org>
eugen = Eugene Grosbein <eugen@FreeBSD.org>
fabient = Fabien Thomas <fabient@FreeBSD.org>
fanf = Tony Finch <fanf@FreeBSD.org>
farrokhi = Babak Farrokhi <farrokhi@FreeBSD.org>
feld = Mark Felder <feld@FreeBSD.org>
fenner = Bill Fenner <fenner@FreeBSD.org>
fernape = Fernando Apesteguía <fernape@FreeBSD.org>
fjoe = Max Khon <fjoe@FreeBSD.org>
flathill = Seiichirou Hiraoka <flathill@FreeBSD.org>
flo = Florian Smeets <flo@FreeBSD.org>
fluffy = Dima Panov <fluffy@FreeBSD.org>
flz = Florent Thoumie <flz@FreeBSD.org>
fox = Santhosh Raju <fox@FreeBSD.org>
foxfair = Foxfair Hu <foxfair@FreeBSD.org>
freqlabs = Ryan Moeller <freqlabs@FreeBSD.org>
fsmp = Steve Passe <fsmp@FreeBSD.org>
fsu = Fedor Uporov <fsu@FreeBSD.org>
gabor = Gabor Kovesdan <gabor@FreeBSD.org>
gad = Garance A Drosehn <gad@FreeBSD.org>
gahr = Pietro Cerutti <gahr@FreeBSD.org>
gallatin = Andrew Gallatin <gallatin@FreeBSD.org>
ganbold = Ganbold Tsagaankhuu <ganbold@FreeBSD.org>
garga = Renato Botelho <garga@FreeBSD.org>
garys = Gary W. Swearingen <garys@FreeBSD.org>
gavin = Gavin Atkinson <gavin@FreeBSD.org>
gber = Grzegorz Bernacki <gber@FreeBSD.org>
gblach = Grzegorz Blach <gblach@FreeBSD.org>
gclarkii = Gary Clark II <gclarkii@FreeBSD.org>
gehenna = MAEKAWA Masahide <gehenna@FreeBSD.org>
gerald = Gerald Pfeifer <gerald@FreeBSD.org>
ghelmer = Guy Helmer <ghelmer@FreeBSD.org>
gibbs = Justin T. Gibbs <gibbs@FreeBSD.org>
gioria = Sebastien Gioria <gioria@FreeBSD.org>
girgen = Palle Girgensohn <girgen@FreeBSD.org>
gj = Gary Jennejohn <gj@FreeBSD.org>
gjb = Glen Barber <gjb@FreeBSD.org>
glarkin = Greg Larkin <glarkin@FreeBSD.org>
gleb = Gleb Kurtsou <gleb@FreeBSD.org>
glebius = Gleb Smirnoff <glebius@FreeBSD.org>
glewis = Greg Lewis <glewis@FreeBSD.org>
gnn = George V. Neville-Neil <gnn@FreeBSD.org>
gonzo = Oleksandr Tymoshenko <gonzo@FreeBSD.org>
gordon = Gordon Tetlow <gordon@FreeBSD.org>
gpalmer = Gary Palmer <gpalmer@FreeBSD.org>
graichen = Thomas Graichen <graichen@FreeBSD.org>
green = Brian Feldman <green@FreeBSD.org>
grehan = Peter Grehan <grehan@FreeBSD.org>
greid = George C A Reid <greid@FreeBSD.org>
grembo = Michael Gmelin <grembo@FreeBSD.org>
grog = Greg Lehey <grog@FreeBSD.org>
groudier = Gerard Roudier <groudier@FreeBSD.org>
gshapiro = Gregory Neil Shapiro <gshapiro@FreeBSD.org>
gsutter = Gregory Sutter <gsutter@FreeBSD.org>
guido = Guido van Rooij <guido@FreeBSD.org>
hanai = Hiroyuki Hanai <hanai@FreeBSD.org>
harti = Hartmut Brandt <harti@FreeBSD.org>
helbig = Wolfgang Helbig <helbig@FreeBSD.org>
hiren = Hiren Panchasara <hiren@FreeBSD.org>
hm = Hellmuth Michaelis <hm@FreeBSD.org>
hmp = Hiten Pandya <hmp@FreeBSD.org>
hoek = Tim Vanderhoek <hoek@FreeBSD.org>
horikawa = Kazuo Horikawa <horikawa@FreeBSD.org>
hosokawa = Tatsumi Hosokawa <hosokawa@FreeBSD.org>
hq = Herve Quiroz <hq@FreeBSD.org>
hrs = Hiroki Sato <hrs@FreeBSD.org>
hselasky = Hans Petter Selasky <hselasky@FreeBSD.org>
hsu = Jeffrey Hsu <hsu@FreeBSD.org>
ian = Ian Lepore <ian@FreeBSD.org>
iedowse = Ian Dowse <iedowse@FreeBSD.org>
ijliao = Ying-Chieh Liao <ijliao@FreeBSD.org>
ikob = Katsushi Kobayashi <ikob@FreeBSD.org>
imp = Warner Losh <imp@FreeBSD.org>
imura = R. Imura <imura@FreeBSD.org>
issei = Issei Suzuki <issei@FreeBSD.org>
issyl0 = Isabell Long <issyl0@FreeBSD.org>
itetcu = Ion-Mihai Tetcu <itetcu@FreeBSD.org>
itojun = Jun-ichiro itojun Hagino <itojun@FreeBSD.org>
ivadasz = Imre Vadász <ivadasz@FreeBSD.org>
ivoras = Ivan Voras <ivoras@FreeBSD.org>
iwasaki = Mitsuru IWASAKI <iwasaki@FreeBSD.org>
jacula = Giuseppe Pilichi <jacula@FreeBSD.org>
jadawin = Philippe Audeoud <jadawin@FreeBSD.org>
jah = Jason A. Harmening <jah@FreeBSD.org>
jake = Jake Burkholder <jake@FreeBSD.org>
jamie = Jamie Gritton <jamie@FreeBSD.org>
jamil = Jamil Weatherby <jamil@FreeBSD.org>
jase = Jase Thew <jase@FreeBSD.org>
jasone = Jason Evans <jasone@FreeBSD.org>
jayanth = Jayanth Vijayaraghavan <jayanth@FreeBSD.org>
jb = John Birrell <jb@FreeBSD.org>
jbeich = Jan Beich <jbeich@FreeBSD.org>
jcamou = Jesus R. Camou <jcamou@FreeBSD.org>
jceel = Jakub Wojciech Klama <jceel@FreeBSD.org>
jch = Julien Charbon <jch@FreeBSD.org>
jchandra = Jayachandran C. <jchandra@FreeBSD.org>
jdp = John Polstra <jdp@FreeBSD.org>
jeb = Jeb Cramer <jeb@FreeBSD.org>
jedgar = Chris D. Faulhaber <jedgar@FreeBSD.org>
jeff = Jeff Roberson <jeff@FreeBSD.org>
jeh = James E. Housley <jeh@FreeBSD.org>
jennifer = Jennifer Yang <jennifer@FreeBSD.org>
jesper = Jesper Skriver <jesper@FreeBSD.org>
jesusr = Jesus Rodriguez Cuesta <jesusr@FreeBSD.org>
jfieber = John Fieber <jfieber@FreeBSD.org>
jfitz = James FitzGibbon <jfitz@FreeBSD.org>
jfv = Jack F Vogel <jfv@FreeBSD.org>
jgh = Jason Helfman <jgh@FreeBSD.org>
jgreco = Joe Greco <jgreco@FreeBSD.org>
jh = Jaakko Heinonen <jh@FreeBSD.org>
jhale = Jason E. Hale <jhale@FreeBSD.org>
jhay = John Hay <jhay@FreeBSD.org>
jhb = John Baldwin <jhb@FreeBSD.org>
jhibbits = Justin Hibbits <jhibbits@FreeBSD.org>
jhixson = John Hixson <jhixson@FreeBSD.org>
jhs = Julian Stacey <jhs@FreeBSD.org>
jilles = Jilles Tjoelker <jilles@FreeBSD.org>
jim = Jim Mock <jim@FreeBSD.org>
jimharris = Jim Harris <jimharris@FreeBSD.org>
jinmei = JINMEI Tatuya <jinmei@FreeBSD.org>
jkh = Jordan K. Hubbard <jkh@FreeBSD.org>
jkim = Jung-uk Kim <jkim@FreeBSD.org>
jkois = Johann Kois <jkois@FreeBSD.org>
jkoshy = Joseph Koshy <jkoshy@FreeBSD.org>
jlaffaye = Julien Laffaye <jlaffaye@FreeBSD.org>
jlemon = Jonathan Lemon <jlemon@FreeBSD.org>
jlh = Jeremie Le Hen <jlh@FreeBSD.org>
jls = Jordan Sissel <jls@FreeBSD.org>
jmacd = Joshua Peck Macdonald <jmacd@FreeBSD.org>
jmallett = Juli Mallett <jmallett@FreeBSD.org>
jmas = Jose M. Alcaide <jmas@FreeBSD.org>
jmb = Jonathan M. Bresler <jmb@FreeBSD.org>
jmcneill = Jared McNeill <jmcneill@FreeBSD.org>
jmd = Johannes M Dieterich <jmd@FreeBSD.org>
jmelo = Jean Milanez Melo <jmelo@FreeBSD.org>
jmg = John-Mark Gurney <jmg@FreeBSD.org>
jmmv = Julio Merino <jmmv@FreeBSD.org>
jmz = Jean-Marc Zucconi <jmz@FreeBSD.org>
joe = Josef Karthauser <joe@FreeBSD.org>
joel = Joel Dahl <joel@FreeBSD.org>
joerg = Joerg Wunsch <joerg@FreeBSD.org>
johalun = Johannes Lundberg <johalun@FreeBSD.org>
johan = Johan Karlsson <johan@FreeBSD.org>
johans = Johan van Selst <johans@FreeBSD.org>
jon = Jonathan Chen <jon@FreeBSD.org>
jonathan = Jonathan Anderson <jonathan@FreeBSD.org>
joneum = Jochen Neumeister <joneum@FreeBSD.org>
josef = Josef El-Rayes <josef@FreeBSD.org>
jpaetzel = Josh Paetzel <jpaetzel@FreeBSD.org>
jraynard = James Raynard <jraynard@FreeBSD.org>
jrm = Joseph Mingrone <jrm@FreeBSD.org>
jrtc27 = James Clarke <jrtc27@FreeBSD.org>
jsa = Joseph S. Atkinson <jsa@FreeBSD.org>
jseger = Justin M. Seger <jseger@FreeBSD.org>
jsm = Jesper Schmitz Mouridsen <jsm@FreeBSD.org>
jtc = J.T. Conklin <jtc@FreeBSD.org>
jtl = Jonathan T. Looney <jtl@FreeBSD.org>
julian = Julian Elischer <julian@FreeBSD.org>
junovitch = Jason Unovitch <junovitch@FreeBSD.org>
jwb = Jason W. Bacon <jwb@FreeBSD.org>
jwd = John W. De Boskey <jwd@FreeBSD.org>
jylefort = Jean-Yves Lefort <jylefort@FreeBSD.org>
kadesai = Kashyap D Desai <kadesai@FreeBSD.org>
kai = Kai Knoblich <kai@FreeBSD.org>
kaiw = Kai Wang <kaiw@FreeBSD.org>
kaktus = Pawel Biernacki <kaktus@FreeBSD.org>
kami = Dominic Fandrey <kami@FreeBSD.org>
kan = Alexander Kabaev <kan@FreeBSD.org>
karels = Mike Karels <karels@FreeBSD.org>
kargl = Steve Kargl <kargl@FreeBSD.org>
karl = Karl Strickland <karl@FreeBSD.org>
kato = KATO Takenori <kato@FreeBSD.org>
kbowling = Kevin Bowling <kbowling@FreeBSD.org>
kbyanc = Kelly Yancey <kbyanc@FreeBSD.org>
keichii = Michael C . Wu <keichii@FreeBSD.org>
keith = Jing-Tang Keith Jang <keith@FreeBSD.org>
ken = Kenneth D. Merry <ken@FreeBSD.org>
kensmith = Ken Smith <kensmith@FreeBSD.org>
keramida = Giorgos Keramidas <keramida@FreeBSD.org>
kevans = Kyle Evans <kevans@FreeBSD.org>
kevlo = Kevin Lo <kevlo@FreeBSD.org>
kib = Konstantin Belousov <kib@FreeBSD.org>
kibab = Ilya Bakulin <kibab@FreeBSD.org>
kientzle = Tim Kientzle <kientzle@FreeBSD.org>
kiri = Kiriyama Kazuhiko <kiri@FreeBSD.org>
kjc = Kenjiro Cho <kjc@FreeBSD.org>
kmacy = Kip Macy <kmacy@FreeBSD.org>
kmoore = Kris Moore <kmoore@FreeBSD.org>
knu = Akinori MUSHA <knu@FreeBSD.org>
koitsu = Jeremy Chadwick <koitsu@FreeBSD.org>
koobs = Kubilay Kocak <koobs@FreeBSD.org>
kp = Kristof Provost <kp@FreeBSD.org>
krion = Kirill Ponomarev <krion@FreeBSD.org>
kris = Kris Kennaway <kris@FreeBSD.org>
kuriyama = Jun Kuriyama <kuriyama@FreeBSD.org>
kwm = Koop Mast <kwm@FreeBSD.org>
landonf = Landon J. Fuller <landonf@FreeBSD.org>
lars = Lars Fredriksen <lars@FreeBSD.org>
laszlof = Frank J. Laszlo <laszlof@FreeBSD.org>
lawrance = Sam Lawrance <lawrance@FreeBSD.org>
lbartoletti = Loïc Bartoletti <lbartoletti@FreeBSD.org>
lbr = Lars Balker Rasmussen <lbr@FreeBSD.org>
le = Lukas Ertl <le@FreeBSD.org>
leeym = Yen-Ming Lee <leeym@FreeBSD.org>
leitao = Breno Leitao <leitao@FreeBSD.org>
ler = Larry Rosenman <ler@FreeBSD.org>
leres = Craig Leres <leres@FreeBSD.org>
lesi = Dejan Lesjak <lesi@FreeBSD.org>
lev = Lev A. Serebryakov <lev@FreeBSD.org>
lidl = Kurt Lidl <lidl@FreeBSD.org>
lifanov = Nikolai Lifanov <lifanov@FreeBSD.org>
lile = Larry Lile <lile@FreeBSD.org>
linimon = Mark Linimon <linimon@FreeBSD.org>
lioux = Mario Sergio Fujikawa Ferreira <lioux@FreeBSD.org>
lippe = Felippe de Meirelles Motta <lippe@FreeBSD.org>
ljo = L Jonas Olsson <ljo@FreeBSD.org>
lkoeller = Lars Koeller <lkoeller@FreeBSD.org>
lme = Lars Engels <lme@FreeBSD.org>
loader = Fukang Chen <loader@FreeBSD.org>
lofi = Michael Nottebrock <lofi@FreeBSD.org>
logo = Valentino Vaschetto <logo@FreeBSD.org>
loos = Luiz Otavio O Souza <loos@FreeBSD.org>
lstewart = Lawrence Stewart <lstewart@FreeBSD.org>
lth = Lars Thegler <lth@FreeBSD.org>
luigi = Luigi Rizzo <luigi@FreeBSD.org>
lulf = Ulf Lilleengen <lulf@FreeBSD.org>
luoqi = Luoqi Chen <luoqi@FreeBSD.org>
luporl = Leandro Lupori <luporl@FreeBSD.org>
lwhsu = Li-Wen Hsu <lwhsu@FreeBSD.org>
lx = David Thiel <lx@FreeBSD.org>
madpilot = Guido Falsi <madpilot@FreeBSD.org>
maho = Maho Nakata <maho@FreeBSD.org>
mahrens = Matthew Ahrens <mahrens@FreeBSD.org>
makc = Max Brazhnikov <makc@FreeBSD.org>
mandree = Matthias Andree <mandree@FreeBSD.org>
manolis = Manolis Kiagias <manolis@FreeBSD.org>
manu = Emmanuel Vadot <manu@FreeBSD.org>
marcel = Marcel Moolenaar <marcel@FreeBSD.org>
marck = Dmitry Morozovsky <marck@FreeBSD.org>
marcus = Joe Marcus Clarke <marcus@FreeBSD.org>
marino = John Marino <marino@FreeBSD.org>
marius = Marius Strobl <marius@FreeBSD.org>
markj = Mark Johnston <markj@FreeBSD.org>
markm = Mark Murray <markm@FreeBSD.org>
marko = Mark Ovens <marko@FreeBSD.org>
markp = Mark Pulford <markp@FreeBSD.org>
marks = Mark Santcroos <marks@FreeBSD.org>
markus = Markus Brueffer <markus@FreeBSD.org>
martin = Martin Renters <martin@FreeBSD.org>
martymac = Ganael LAPLANCHE <martymac@FreeBSD.org>
mat = Mathieu Arnold <mat@FreeBSD.org>
matk = Mathew Kanner <matk@FreeBSD.org>
matteo = Matteo Riondato <matteo@FreeBSD.org>
matthew = Matthew Seaman <matthew@FreeBSD.org>
matusita = Makoto Matsushita <matusita@FreeBSD.org>
mav = Alexander Motin <mav@FreeBSD.org>
max = Masafumi Max NAKANE <max@FreeBSD.org>
maxim = Maxim Konovalov <maxim@FreeBSD.org>
mbarkah = Ade Barkah <mbarkah@FreeBSD.org>
mbr = Martin Blapp <mbr@FreeBSD.org>
mckay = Stephen McKay <mckay@FreeBSD.org>
mckusick = Kirk McKusick <mckusick@FreeBSD.org>
mdf = Matthew D Fleming <mdf@FreeBSD.org>
mdodd = Matthew N. Dodd <mdodd@FreeBSD.org>
melifaro = Alexander V. Chernikov <melifaro@FreeBSD.org>
meta = Koichiro Iwao <meta@FreeBSD.org>
metal = SUZUKI Koichi <metal@FreeBSD.org>
mezz = Jeremy Messenger <mezz@FreeBSD.org>
mfechner = Matthias Fechner <mfechner@FreeBSD.org>
mharo = Michael Haro <mharo@FreeBSD.org>
mheinen = Martin Heinen <mheinen@FreeBSD.org>
mhorne = Mitchell Horne <mhorne@FreeBSD.org>
mi = Mikhail Teterin <mi@FreeBSD.org>
mich = Michael Landin <mich@FreeBSD.org>
mikael = Mikael Urankar <mikael@FreeBSD.org>
mike = Mike Barcroft <mike@FreeBSD.org>
mikeh = Mike Heffner <mikeh@FreeBSD.org>
milki = Jonathan Chu <milki@FreeBSD.org>
mini = Jonathan Mini <mini@FreeBSD.org>
misha = Mikhail Pchelin <misha@FreeBSD.org>
mita = Yoshio MITA <mita@FreeBSD.org>
miwi = Martin Wilke <miwi@FreeBSD.org>
mizhka = Michael Zhilin <mizhka@FreeBSD.org>
mjacob = Matt Jacob <mjacob@FreeBSD.org>
mjg = Mateusz Guzik <mjg@FreeBSD.org>
mjoras = Matt Joras <mjoras@FreeBSD.org>
mks = Mike Spengler <mks@FreeBSD.org>
mlaier = Max Laier <mlaier@FreeBSD.org>
mm = Martin Matuska <mm@FreeBSD.org>
mmacy = Matt Macy <mmacy@FreeBSD.org>
mmel = Michal Meloun <mmel@FreeBSD.org>
mmokhi = Mahdi Mokhtari <mmokhi@FreeBSD.org>
mmoll = Michael Moll <mmoll@FreeBSD.org>
mnag = Marcus Alves Grando <mnag@FreeBSD.org>
mohans = Mohan Srinivasan <mohans@FreeBSD.org>
monthadar = Monthadar Al Jaberi <monthadar@FreeBSD.org>
motoyuki = Motoyuki Konno <motoyuki@FreeBSD.org>
mp = Mark Peek <mp@FreeBSD.org>
mph = Matthew Hunt <mph@FreeBSD.org>
mpp = Mike Pritchard <mpp@FreeBSD.org>
mr = Michael Reifenberger <mr@FreeBSD.org>
msmith = Mike Smith <msmith@FreeBSD.org>
mtaylor = Mark J. Taylor <mtaylor@FreeBSD.org>
mtm = Mike Makonnen <mtm@FreeBSD.org>
murray = Murray Stokely <murray@FreeBSD.org>
mux = Maxime Henrion <mux@FreeBSD.org>
mva = Marcus von Appen <mva@FreeBSD.org>
mw = Marcin Wojtas <mw@FreeBSD.org>
mwlucas = Michael Lucas <mwlucas@FreeBSD.org>
n_hibma = Nick Hibma <n_hibma@FreeBSD.org>
naddy = Christian Weisgerber <naddy@FreeBSD.org>
nakai = Yukihiro Nakai <nakai@FreeBSD.org>
nate = Nate Williams <nate@FreeBSD.org>
nbm = Neil Blakey-Milner <nbm@FreeBSD.org>
nectar = Jacques Vidrine <nectar@FreeBSD.org>
neel = Neel Natu <neel@FreeBSD.org>
nemoliu = Tong LIU <nemoliu@FreeBSD.org>
nemysis = Rusmir Dusko <nemysis@FreeBSD.org>
netchild = Alexander Leidinger <netchild@FreeBSD.org>
newton = Mark Newton <newton@FreeBSD.org>
ngie = Enji Cooper <ngie@FreeBSD.org>
nick = Nick O'Brien <nick@FreeBSD.org>
niels = Niels Heinen <niels@FreeBSD.org>
nik = Nik Clayton <nik@FreeBSD.org>
niklas = Niklas Saers <niklas@FreeBSD.org>
nivit = Nicola Vitale <nivit@FreeBSD.org>
njl = Nate Lawson <njl@FreeBSD.org>
nobutaka = MANTANI Nobutaka <nobutaka@FreeBSD.org>
non = Noriaki Mitsunaga <non@FreeBSD.org>
nork = Norikatsu Shigemura <nork@FreeBSD.org>
novel = Roman Bogorodskiy <novel@FreeBSD.org>
nox = Juergen Lock <nox@FreeBSD.org>
np = Navdeep Parhar <np@FreeBSD.org>
nsayer = Nick Sayer <nsayer@FreeBSD.org>
nsj = Nate Johnson <nsj@FreeBSD.org>
nsouch = Nicolas Souchu <nsouch@FreeBSD.org>
nwhitehorn = Nathan Whitehorn <nwhitehorn@FreeBSD.org>
nyan = Takahashi Yoshihiro <nyan@FreeBSD.org>
obraun = Oliver Braun <obraun@FreeBSD.org>
obrien = David E. O'Brien <obrien@FreeBSD.org>
ohauer = Olli Hauer <ohauer@FreeBSD.org>
okazaki = OKAZAKI Tetsurou <okazaki@FreeBSD.org>
olah = Andras Olah <olah@FreeBSD.org>
oleg = Oleg Bulyzhin <oleg@FreeBSD.org>
olgeni = Jimmy Olgeni <olgeni@FreeBSD.org>
oliver = Oliver Lehmann <oliver@FreeBSD.org>
olivier = Olivier Cochard <olivier@FreeBSD.org>
olivierd = Olivier Duchateau <olivierd@FreeBSD.org>
olli = Oliver Fromme <olli@FreeBSD.org>
onoe = Atsushi Onoe <onoe@FreeBSD.org>
orion = Orion Hodson <orion@FreeBSD.org>
osa = Sergey A. Osokin <osa@FreeBSD.org>
oshogbo = Mariusz Zaborski <oshogbo@FreeBSD.org>
pat = Patrick Li <pat@FreeBSD.org>
patrick = Patrick S. Gardella <patrick@FreeBSD.org>
paul = Paul Richards <paul@FreeBSD.org>
pav = Pav Lucistnik <pav@FreeBSD.org>
pawel = Pawel Pekala <pawel@FreeBSD.org>
pb = Pierre Beyssac <pb@FreeBSD.org>
pclin = Po-Chien Lin <pclin@FreeBSD.org>
pdeuskar = Prafulla Deuskar <pdeuskar@FreeBSD.org>
pds = Peter da Silva <pds@FreeBSD.org>
peadar = Peter Edwards <peadar@FreeBSD.org>
perky = Hye-Shik Chang <perky@FreeBSD.org>
petef = Pete Fritchman <petef@FreeBSD.org>
peter = Peter Wemm <peter@FreeBSD.org>
peterj = Peter Jeremy <peterj@FreeBSD.org>
pfg = Pedro F. Giffuni <pfg@FreeBSD.org>
pgj = Gabor Pali <pgj@FreeBSD.org>
pgollucci = Philip M. Gollucci <pgollucci@FreeBSD.org>
phantom = Alexey Zelkin <phantom@FreeBSD.org>
phil = Phil Shafer <phil@FreeBSD.org>
philip = Philip Paeps <philip@FreeBSD.org>
phk = Poul-Henning Kamp <phk@FreeBSD.org>
pho = Peter Holm <pho@FreeBSD.org>
pi = Kurt Jaeger <pi@FreeBSD.org>
pirzyk = Jim Pirzyk <pirzyk@FreeBSD.org>
piso = Paolo Pisati <piso@FreeBSD.org>
pizzamig = Luca Pizzamiglio <pizzamig@FreeBSD.org>
pjd = Pawel Jakub Dawidek <pjd@FreeBSD.org>
pkelsey = Patrick Kelsey <pkelsey@FreeBSD.org>
pkubaj = Piotr Kubaj <pkubaj@FreeBSD.org>
pluknet = Sergey Kandaurov <pluknet@FreeBSD.org>
ps = Paul Saab <ps@FreeBSD.org>
pst = Paul Traina <pst@FreeBSD.org>
pstef = Piotr Pawel Stefaniak <pstef@FreeBSD.org>
qingli = Qing Li <qingli@FreeBSD.org>
rafan = Rong-En Fan <rafan@FreeBSD.org>
raj = Rafal Jaworowski <raj@FreeBSD.org>
rakuco = Raphael Kubo da Costa <rakuco@FreeBSD.org>
ram = Ram Kishore Vegesna <ram@FreeBSD.org>
randi = Randi Harper <randi@FreeBSD.org>
ray = Aleksandr Rybalko <ray@FreeBSD.org>
rcyu = Ruey-Cherng Yu <rcyu@FreeBSD.org>
rdivacky = Roman Divacky <rdivacky@FreeBSD.org>
rea = Eygene Ryabinkin <rea@FreeBSD.org>
rees = Jim Rees <rees@FreeBSD.org>
reg = Jeremy Lea <reg@FreeBSD.org>
remko = Remko Lodder <remko@FreeBSD.org>
rene = Rene Ladan <rene@FreeBSD.org>
rezny = Matthew Rezny <rezny@FreeBSD.org>
rgrimes = Rodney W. Grimes <rgrimes@FreeBSD.org>
rich = Rich Murphey <rich@FreeBSD.org>
riggs = Thomas Zander <riggs@FreeBSD.org>
rigoletto = Alexandre C. Guimarães <rigoletto@FreeBSD.org>
rik = Roman Kurakin <rik@FreeBSD.org>
rink = Rink Springer <rink@FreeBSD.org>
rlibby = Ryan Libby <rlibby@FreeBSD.org>
rm = Ruslan Makhmatkhanov <rm@FreeBSD.org>
rmacklem = Rick Macklem <rmacklem@FreeBSD.org>
rmh = Robert Millan <rmh@FreeBSD.org>
rnoland = Robert Noland <rnoland@FreeBSD.org>
rnordier = Robert Nordier <rnordier@FreeBSD.org>
roam = Peter Pentchev <roam@FreeBSD.org>
robak = Bartek Rutkowski <robak@FreeBSD.org>
robert = Robert Drehmel <robert@FreeBSD.org>
roberto = Ollivier Robert <roberto@FreeBSD.org>
rodrigc = Craig Rodrigues <rodrigc@FreeBSD.org>
rodrigo = Rodrigo Osorio <rodrigo@FreeBSD.org>
roger = Roger Hardiman <roger@FreeBSD.org>
romain = Romain Tartière <romain@FreeBSD.org>
root = Charlie Root <root@FreeBSD.org>
royger = Roger Pau Monné <royger@FreeBSD.org>
rpaulo = Rui Paulo <rpaulo@FreeBSD.org>
rpokala = Ravi Pokala <rpokala@FreeBSD.org>
rpratt = Randy Pratt <rpratt@FreeBSD.org>
rrs = Randall Stewart <rrs@FreeBSD.org>
rse = Ralf S. Engelschall <rse@FreeBSD.org>
rsm = Scott Mitchell <rsm@FreeBSD.org>
rstone = Ryan Stone <rstone@FreeBSD.org>
ru = Ruslan Ermilov <ru@FreeBSD.org>
rushani = Hideyuki KURASHINA <rushani@FreeBSD.org>
rv = Rajesh Vaidheeswarran <rv@FreeBSD.org>
rvb = Robert V. Baron <rvb@FreeBSD.org>
rwatson = Robert Watson <rwatson@FreeBSD.org>
ryusuke = Ryusuke SUZUKI <ryusuke@FreeBSD.org>
sada = SADA Kenji <sada@FreeBSD.org>
sah = Sam Hopkins <sah@FreeBSD.org>
sahil = Sahil Tandon <sahil@FreeBSD.org>
salvadore = Lorenzo Salvadore <salvadore@FreeBSD.org>
sam = Sam Leffler <sam@FreeBSD.org>
samm = Oleksii Samorukov <samm@FreeBSD.org>
sanpei = MIHIRA Sanpei Yoshiro <sanpei@FreeBSD.org>
sat = Andrew Pantyukhin <sat@FreeBSD.org>
sbruno = Sean Bruno <sbruno@FreeBSD.org>
sbz = Sofian Brabez <sbz@FreeBSD.org>
scf = Sean Farley <scf@FreeBSD.org>
scheidell = Michael Scheidell <scheidell@FreeBSD.org>
schweikh = Jens Schweikhardt <schweikh@FreeBSD.org>
scop = Ville Skyttä <scop@FreeBSD.org>
scottl = Scott Long <scottl@FreeBSD.org>
scottph = D Scott Phillips <scottph@FreeBSD.org>
scrappy = Marc G. Fournier <scrappy@FreeBSD.org>
se = Stefan Esser <se@FreeBSD.org>
sean = Sean Vickery <sean@FreeBSD.org>
seanc = Sean Chittenden <seanc@FreeBSD.org>
sef = Sean Eric Fagan <sef@FreeBSD.org>
sem = Sergey Matveychuk <sem@FreeBSD.org>
semenu = Semen Ustimenko <semenu@FreeBSD.org>
sephe = Sepherosa Ziehau <sephe@FreeBSD.org>
sepotvin = Stephane E. Potvin <sepotvin@FreeBSD.org>
sergei = Sergei Kolobov <sergei@FreeBSD.org>
sevan = Sevan Janiyan <sevan@FreeBSD.org>
sf = FUJISHIMA Satsuki <sf@FreeBSD.org>
sg = Stephen Gregoratto <sg@FreeBSD.org>
sgalabov = Stanislav Galabov <sgalabov@FreeBSD.org>
shafeeq = Shafeeq Sinnamohideen <shafeeq@FreeBSD.org>
shaun = Shaun Amott <shaun@FreeBSD.org>
sheldonh = Sheldon Hearn <sheldonh@FreeBSD.org>
shiba = Takeshi Shibagaki <shiba@FreeBSD.org>
shige = Shigeyuki Fukushima <shige@FreeBSD.org>
shin = Yoshinobu Inoue <shin@FreeBSD.org>
shurd = Stephen Hurd <shurd@FreeBSD.org>
silby = Mike Silbersack <silby@FreeBSD.org>
simokawa = Hidetoshi Shimokawa <simokawa@FreeBSD.org>
simon = Simon L. B. Nielsen <simon@FreeBSD.org>
sjg = Simon J. Gerraty <sjg@FreeBSD.org>
skozlov = Serhii (Sergey) Kozlov <skozlov@FreeBSD.org>
skra = Svatopluk Kraus <skra@FreeBSD.org>
skreuzer = Steven Kreuzer <skreuzer@FreeBSD.org>
skv = Sergey Skvortsov <skv@FreeBSD.org>
skynyrd = Chris Timmons <skynyrd@FreeBSD.org>
slavash = Slava Shwartsman <slavash@FreeBSD.org>
slm = Stephen McConnell <slm@FreeBSD.org>
smace = Scott Mace <smace@FreeBSD.org>
smh = Steven Hartland <smh@FreeBSD.org>
smkelly = Sean Kelly <smkelly@FreeBSD.org>
smpatel = Sujal Patel <smpatel@FreeBSD.org>
snb = Sean Nicholas Barkas <snb@FreeBSD.org>
sobomax = Maxim Sobolev <sobomax@FreeBSD.org>
sos = Søren Schmidt <sos@FreeBSD.org>
sperber = Armin Pirkovitsch <sperber@FreeBSD.org>
sson = Stacey Son <sson@FreeBSD.org>
ssouhlal = Suleiman Souhlal <ssouhlal@FreeBSD.org>
stark = Gene Stark <stark@FreeBSD.org>
stas = Stanislav Sedov <stas@FreeBSD.org>
stb = Stefan Bethke <stb@FreeBSD.org>
stefan = Stefan Walter <stefan@FreeBSD.org>
stefanf = Stefan Farfeleder <stefanf@FreeBSD.org>
stephane = Stephane Legrand <stephane@FreeBSD.org>
stephen = Stephen Montgomery-Smith <stephen@FreeBSD.org>
steve = Steve Price <steve@FreeBSD.org>
stevek = Stephen J. Kiernan <stevek@FreeBSD.org>
sumikawa = Munechika SUMIKAWA <sumikawa@FreeBSD.org>
sunpoet = Sunpoet Po-Chuan Hsieh <sunpoet@FreeBSD.org>
suz = SUZUKI Shinsuke <suz@FreeBSD.org>
swallace = Steven Wallace <swallace@FreeBSD.org>
swills = Steve Wills <swills@FreeBSD.org>
sylvio = Sylvio Cesar Teixeira <sylvio@FreeBSD.org>
syrinx = Shteryana Shopova <syrinx@FreeBSD.org>
syuu = Takuya ASADA <syuu@FreeBSD.org>
tabthorpe = Thomas Abthorpe <tabthorpe@FreeBSD.org>
tackerman = Tony Ackerman <tackerman@FreeBSD.org>
takawata = Takanori Watanabe <takawata@FreeBSD.org>
tanimura = Seigo Tanimura <tanimura@FreeBSD.org>
taoka = Satoshi Taoka <taoka@FreeBSD.org>
taras = Taras Korenko <taras@FreeBSD.org>
tcberner = Tobias C. Berner <tcberner@FreeBSD.org>
tdb = Tim Bishop <tdb@FreeBSD.org>
tegge = Tor Egge <tegge@FreeBSD.org>
tg = Thomas Gellekum <tg@FreeBSD.org>
thepish = Peter Hawkins <thepish@FreeBSD.org>
theraven = David Chisnall <theraven@FreeBSD.org>
thierry = Thierry Thomas <thierry@FreeBSD.org>
thj = Tom Jones <thj@FreeBSD.org>
thomas = Thomas Quinot <thomas@FreeBSD.org>
thompsa = Andrew Thompson <thompsa@FreeBSD.org>
ticso = Bernd Walter <ticso@FreeBSD.org>
tijl = Tijl Coosemans <tijl@FreeBSD.org>
timur = Timur I. Bakeyev <timur@FreeBSD.org>
tj = Tom Judge <tj@FreeBSD.org>
tjr = Tim J. Robbins <tjr@FreeBSD.org>
tmclaugh = Tom McLaughlin <tmclaugh@FreeBSD.org>
tmm = Thomas Moestl <tmm@FreeBSD.org>
tmseck = Thomas-Martin Seck <tmseck@FreeBSD.org>
tmunro = Thomas Munro <tmunro@FreeBSD.org>
tobez = Anton Berezin <tobez@FreeBSD.org>
tobik = Tobias Kortkamp <tobik@FreeBSD.org>
tom = Tom Hukins <tom@FreeBSD.org>
tomsoft = Thomas-Henning von Kamptz <tomsoft@FreeBSD.org>
torstenb = Torsten Blum <torstenb@FreeBSD.org>
toshi = Toshihiko ARAI <toshi@FreeBSD.org>
tota = TAKATSU Tomonari <tota@FreeBSD.org>
trasz = Edward Tomasz Napierala <trasz@FreeBSD.org>
trevor = Trevor Johnson <trevor@FreeBSD.org>
trhodes = Tom Rhodes <trhodes@FreeBSD.org>
trociny = Mikolaj Golub <trociny@FreeBSD.org>
truckman = Don Lewis <truckman@FreeBSD.org>
tshiozak = Takuya SHIOZAKI <tshiozak@FreeBSD.org>
tsoome = Toomas Soome <tsoome@FreeBSD.org>
tuexen = Michael Tuexen <tuexen@FreeBSD.org>
twinterg = Thomas Wintergerst <twinterg@FreeBSD.org>
tychon = Tycho Nightingale <tychon@FreeBSD.org>
tz = Torsten Zuehlsdorff <tz@FreeBSD.org>
ue = Udo Erdelhoff <ue@FreeBSD.org>
ugen = Ugen J.S. Antsilevich <ugen@FreeBSD.org>
uhclem = Frank Durda IV <uhclem@FreeBSD.org>
ultima = Richard Gallamore <ultima@FreeBSD.org>
ume = Hajimu UMEMOTO <ume@FreeBSD.org>
unfurl = Bill Swingle <unfurl@FreeBSD.org>
ups = Stephan Uphoff <ups@FreeBSD.org>
uqs = Ulrich Spoerlein <uqs@FreeBSD.org>
vangyzen = Eric van Gyzen <vangyzen@FreeBSD.org>
vanhu = VANHULLEBUS Yvan <vanhu@FreeBSD.org>
vanilla = Vanilla I. Shu <vanilla@FreeBSD.org>
vd = Vasil Dimov <vd@FreeBSD.org>
versus = Konrad Jankowski <versus@FreeBSD.org>
vg = Veniamin Gvozdikov <vg@FreeBSD.org>
viny = Vincent Tougait <viny@FreeBSD.org>
vkashyap = Vinod Kashyap <vkashyap@FreeBSD.org>
vmaffione = Vincenzo Maffione <vmaffione@FreeBSD.org>
vs = Volker Stolz <vs@FreeBSD.org>
vsevolod = Vsevolod Stakhov <vsevolod@FreeBSD.org>
wblock = Warren Block <wblock@FreeBSD.org>
wen = Wen Heping <wen@FreeBSD.org>
weongyo = Weongyo Jeong <weongyo@FreeBSD.org>
wes = Wes Peters <wes@FreeBSD.org>
wg = William Grzybowski <wg@FreeBSD.org>
whu = Wei Hu <whu@FreeBSD.org>
wilko = Wilko Bulte <wilko@FreeBSD.org>
will = Will Andrews <will@FreeBSD.org>
wjv = Johann Visagie <wjv@FreeBSD.org>
wkoszek = Wojciech A. Koszek <wkoszek@FreeBSD.org>
wma = Wojciech Macek <wma@FreeBSD.org>
wollman = Garrett Wollman <wollman@FreeBSD.org>
woodsb02 = Ben Woods <woodsb02@FreeBSD.org>
wosch = Wolfram Schneider <wosch@FreeBSD.org>
wpaul = Bill Paul <wpaul@FreeBSD.org>
wsalamon = Wayne Salamon <wsalamon@FreeBSD.org>
wsanchez = Wilfredo Sanchez <wsanchez@FreeBSD.org>
wulf = Vladimir Kondratyev <wulf@FreeBSD.org>
wxs = Wesley Shields <wxs@FreeBSD.org>
xmj = Johannes Jost Meixner <xmj@FreeBSD.org>
xride = Soeren Straarup <xride@FreeBSD.org>
yar = Yar Tikhiy <yar@FreeBSD.org>
ygy = Guangyuan Yang <ygy@FreeBSD.org>
yoichi = Yoichi NAKAYAMA <yoichi@FreeBSD.org>
yokota = Kazutaka YOKOTA <yokota@FreeBSD.org>
yongari = Pyun YongHyeon <yongari@FreeBSD.org>
yuri = Yuri Victorovich <yuri@FreeBSD.org>
yuripv = Yuri Pankov <yuripv@FreeBSD.org>
yzlin = Yi-Jheng Lin <yzlin@FreeBSD.org>
zack = Zack Kirsch <zack@FreeBSD.org>
zarzycki = Dave Zarzycki <zarzycki@FreeBSD.org>
zbb = Zbigniew Bodek <zbb@FreeBSD.org>
zec = Marko Zec <zec@FreeBSD.org>
zeising = Niclas Zeising <zeising@FreeBSD.org>
zi = Ryan Steinmetz <zi@FreeBSD.org>
zleslie = Zach Leslie <zleslie@FreeBSD.org>
zml = Zachary Loafman <zml@FreeBSD.org>
znerd = Ernst de Haan <znerd@FreeBSD.org>
zont = Andrey Zonov <zont@FreeBSD.org>
