bin/kvantummanager
bin/kvantumpreview
%%QT_PLUGINDIR%%/styles/libkvantum.so
%%DATADIR%%/KvAdapta/KvAdapta.kvconfig
%%DATADIR%%/KvAdapta/KvAdapta.svg
%%DATADIR%%/KvAdaptaDark/KvAdaptaDark.kvconfig
%%DATADIR%%/KvAdaptaDark/KvAdaptaDark.svg
%%DATADIR%%/KvAmbiance/KvAmbiance.kvconfig
%%DATADIR%%/KvAmbiance/KvAmbiance.svg
%%DATADIR%%/KvAmbience/KvAmbience.kvconfig
%%DATADIR%%/KvAmbience/KvAmbience.svg
%%DATADIR%%/KvArc/KvArc.kvconfig
%%DATADIR%%/KvArc/KvArc.svg
%%DATADIR%%/KvArcDark/KvArcDark.kvconfig
%%DATADIR%%/KvArcDark/KvArcDark.svg
%%DATADIR%%/KvBeige/KvBeige.kvconfig
%%DATADIR%%/KvBeige/KvBeige.svg
%%DATADIR%%/KvBlender/KvBlender.kvconfig
%%DATADIR%%/KvBlender/KvBlender.svg
%%DATADIR%%/KvBrown/KvBrown.kvconfig
%%DATADIR%%/KvBrown/KvBrown.svg
%%DATADIR%%/KvCurves/KvCurves.kvconfig
%%DATADIR%%/KvCurves/KvCurves.svg
%%DATADIR%%/KvCurves3d/KvCurves3d.kvconfig
%%DATADIR%%/KvCurves3d/KvCurves3d.svg
%%DATADIR%%/KvCurves3d1/KvCurves3d1.kvconfig
%%DATADIR%%/KvCurves3d1/KvCurves3d1.svg
%%DATADIR%%/KvCurvesLight/KvCurvesLight.kvconfig
%%DATADIR%%/KvCurvesLight/KvCurvesLight.svg
%%DATADIR%%/KvCurvesLight1/KvCurvesLight1.kvconfig
%%DATADIR%%/KvCurvesLight1/KvCurvesLight1.svg
%%DATADIR%%/KvCyan/KvCyan.kvconfig
%%DATADIR%%/KvCyan/KvCyan.svg
%%DATADIR%%/KvDark/KvDark.kvconfig
%%DATADIR%%/KvDark/KvDark.svg
%%DATADIR%%/KvDarkRed/KvDarkRed.kvconfig
%%DATADIR%%/KvDarkRed/KvDarkRed.svg
%%DATADIR%%/KvFlat/KvFlat.kvconfig
%%DATADIR%%/KvFlat/KvFlat.svg
%%DATADIR%%/KvFlatLight/KvFlatLight.kvconfig
%%DATADIR%%/KvFlatLight/KvFlatLight.svg
%%DATADIR%%/KvFlatRed/KvFlatRed.kvconfig
%%DATADIR%%/KvFlatRed/KvFlatRed.svg
%%DATADIR%%/KvGnome/KvGnome.kvconfig
%%DATADIR%%/KvGnome/KvGnome.svg
%%DATADIR%%/KvGnomeAlt/KvGnomeAlt.kvconfig
%%DATADIR%%/KvGnomeAlt/KvGnomeAlt.svg
%%DATADIR%%/KvGnomeDark/KvGnomeDark.kvconfig
%%DATADIR%%/KvGnomeDark/KvGnomeDark.svg
%%DATADIR%%/KvGnomish/KvGnomish.kvconfig
%%DATADIR%%/KvGnomish/KvGnomish.svg
%%DATADIR%%/KvGray/KvGray.kvconfig
%%DATADIR%%/KvGray/KvGray.svg
%%DATADIR%%/KvMojave/KvMojave.kvconfig
%%DATADIR%%/KvMojave/KvMojave.svg
%%DATADIR%%/KvMojaveLight/KvMojaveLight.kvconfig
%%DATADIR%%/KvMojaveLight/KvMojaveLight.svg
%%DATADIR%%/KvMojaveMixed/KvMojaveMixed.kvconfig
%%DATADIR%%/KvMojaveMixed/KvMojaveMixed.svg
%%DATADIR%%/KvMojaveMixed1/KvMojaveMixed1.kvconfig
%%DATADIR%%/KvMojaveMixed1/KvMojaveMixed1.svg
%%DATADIR%%/KvOxygen/KvOxygen.kvconfig
%%DATADIR%%/KvOxygen/KvOxygen.svg
%%DATADIR%%/KvRoughGlass/KvRoughGlass.kvconfig
%%DATADIR%%/KvRoughGlass/KvRoughGlass.svg
%%DATADIR%%/KvSimplicity/KvSimplicity.kvconfig
%%DATADIR%%/KvSimplicity/KvSimplicity.svg
%%DATADIR%%/KvSimplicityDark/KvSimplicityDark.kvconfig
%%DATADIR%%/KvSimplicityDark/KvSimplicityDark.svg
%%DATADIR%%/KvSimplicityDarkLight/KvSimplicityDarkLight.kvconfig
%%DATADIR%%/KvSimplicityDarkLight/KvSimplicityDarkLight.svg
%%DATADIR%%/KvSimplicityTurquoise/KvSimplicityTurquoise.kvconfig
%%DATADIR%%/KvSimplicityTurquoise/KvSimplicityTurquoise.svg
%%DATADIR%%/KvYaru/KvYaru.kvconfig
%%DATADIR%%/KvYaru/KvYaru.svg
%%DATADIR%%/KvantumAlt/KvantumAlt.kvconfig
%%DATADIR%%/KvantumAlt/KvantumAlt.svg
share/applications/kvantummanager.desktop
share/color-schemes/KvAdapta.colors
share/color-schemes/KvAdaptaDark.colors
share/color-schemes/KvAmbiance.colors
share/color-schemes/KvAmbience.colors
share/color-schemes/KvArc.colors
share/color-schemes/KvArcDark.colors
share/color-schemes/KvBeige.colors
share/color-schemes/KvBlender.colors
share/color-schemes/KvBrown.colors
share/color-schemes/KvCurves.colors
share/color-schemes/KvCurves3d1.colors
share/color-schemes/KvCurvesLight.colors
share/color-schemes/KvCyan.colors
share/color-schemes/KvDark.colors
share/color-schemes/KvDarkRed.colors
share/color-schemes/KvFlat.colors
share/color-schemes/KvFlatLight.colors
share/color-schemes/KvFlatRed.colors
share/color-schemes/KvGnome.colors
share/color-schemes/KvGnomeAlt.colors
share/color-schemes/KvGnomeDark.colors
share/color-schemes/KvGnomish.colors
share/color-schemes/KvGray.colors
share/color-schemes/KvMojave.colors
share/color-schemes/KvMojaveLight.colors
share/color-schemes/KvMojaveMixed.colors
share/color-schemes/KvMojaveMixed1.colors
share/color-schemes/KvOxygen.colors
share/color-schemes/KvRoughGlass.colors
share/color-schemes/KvSimplicity.colors
share/color-schemes/KvSimplicityDark.colors
share/color-schemes/KvSimplicityDarkLight.colors
share/color-schemes/KvSimplicityTurquoise.colors
share/color-schemes/KvYaru.colors
share/color-schemes/Kvantum.colors
share/color-schemes/KvantumAlt.colors
share/icons/hicolor/scalable/apps/kvantum.svg
share/kvantummanager/translations/kvantummanager_ar_DZ.qm
share/kvantummanager/translations/kvantummanager_be.qm
share/kvantummanager/translations/kvantummanager_bg.qm
share/kvantummanager/translations/kvantummanager_ca.qm
share/kvantummanager/translations/kvantummanager_cs.qm
share/kvantummanager/translations/kvantummanager_cy.qm
share/kvantummanager/translations/kvantummanager_da.qm
share/kvantummanager/translations/kvantummanager_de.qm
share/kvantummanager/translations/kvantummanager_el.qm
share/kvantummanager/translations/kvantummanager_eo.qm
share/kvantummanager/translations/kvantummanager_es.qm
share/kvantummanager/translations/kvantummanager_et.qm
share/kvantummanager/translations/kvantummanager_fa.qm
share/kvantummanager/translations/kvantummanager_fi.qm
share/kvantummanager/translations/kvantummanager_fr.qm
share/kvantummanager/translations/kvantummanager_he.qm
share/kvantummanager/translations/kvantummanager_hr.qm
share/kvantummanager/translations/kvantummanager_hu.qm
share/kvantummanager/translations/kvantummanager_id.qm
share/kvantummanager/translations/kvantummanager_it.qm
share/kvantummanager/translations/kvantummanager_ja.qm
share/kvantummanager/translations/kvantummanager_ko.qm
share/kvantummanager/translations/kvantummanager_lt.qm
share/kvantummanager/translations/kvantummanager_nb_NO.qm
share/kvantummanager/translations/kvantummanager_nl.qm
share/kvantummanager/translations/kvantummanager_pa.qm
share/kvantummanager/translations/kvantummanager_pl.qm
share/kvantummanager/translations/kvantummanager_pt.qm
share/kvantummanager/translations/kvantummanager_pt_BR.qm
share/kvantummanager/translations/kvantummanager_ru.qm
share/kvantummanager/translations/kvantummanager_si.qm
share/kvantummanager/translations/kvantummanager_sk_SK.qm
share/kvantummanager/translations/kvantummanager_tr.qm
share/kvantummanager/translations/kvantummanager_uk.qm
share/kvantummanager/translations/kvantummanager_zh_CN.qm
share/kvantummanager/translations/kvantummanager_zh_Hant.qm
share/kvantumpreview/translations/kvantumpreview_ar_DZ.qm
share/kvantumpreview/translations/kvantumpreview_bg.qm
share/kvantumpreview/translations/kvantumpreview_ca.qm
share/kvantumpreview/translations/kvantumpreview_cs.qm
share/kvantumpreview/translations/kvantumpreview_cy.qm
share/kvantumpreview/translations/kvantumpreview_da.qm
share/kvantumpreview/translations/kvantumpreview_de.qm
share/kvantumpreview/translations/kvantumpreview_el.qm
share/kvantumpreview/translations/kvantumpreview_eo.qm
share/kvantumpreview/translations/kvantumpreview_es.qm
share/kvantumpreview/translations/kvantumpreview_et.qm
share/kvantumpreview/translations/kvantumpreview_fa.qm
share/kvantumpreview/translations/kvantumpreview_fi.qm
share/kvantumpreview/translations/kvantumpreview_fr.qm
share/kvantumpreview/translations/kvantumpreview_he.qm
share/kvantumpreview/translations/kvantumpreview_hr.qm
share/kvantumpreview/translations/kvantumpreview_hu.qm
share/kvantumpreview/translations/kvantumpreview_id.qm
share/kvantumpreview/translations/kvantumpreview_it.qm
share/kvantumpreview/translations/kvantumpreview_ja.qm
share/kvantumpreview/translations/kvantumpreview_ko.qm
share/kvantumpreview/translations/kvantumpreview_lt.qm
share/kvantumpreview/translations/kvantumpreview_nb_NO.qm
share/kvantumpreview/translations/kvantumpreview_nl.qm
share/kvantumpreview/translations/kvantumpreview_pl.qm
share/kvantumpreview/translations/kvantumpreview_pt.qm
share/kvantumpreview/translations/kvantumpreview_pt_BR.qm
share/kvantumpreview/translations/kvantumpreview_ru.qm
share/kvantumpreview/translations/kvantumpreview_si.qm
share/kvantumpreview/translations/kvantumpreview_sk.qm
share/kvantumpreview/translations/kvantumpreview_tr.qm
share/kvantumpreview/translations/kvantumpreview_uk.qm
share/kvantumpreview/translations/kvantumpreview_zh_CN.qm
share/kvantumpreview/translations/kvantumpreview_zh_Hant.qm
